01,Bellavista,01,,
02,Cañaribamba,01,,
03,El Batán,01,,
04,El Sagrario,01,,
05,El Vecino,01,,
06,Gil Ramírez Dávalos,01,,
07,Huaynacápac,01,,
08,Machángara,01,,
09,Monay,01,,
10,San Blas,01,,
11,San Sebastián,01,,
12,Sucre,01,,
13,Totoracocha,01,,
14,Yanuncay,01,,
15,Hermano Miguel,01,,
50,Cuenca Cabecera Cantonal y Capital Provincial,01,,
51,Baños,01,,
52,Cumbe,01,,
53,Chaucha,01,,
54,Checa (Jidcay),01,,
55,Chiquintad,01,,
56,Llacao,01,,
57,Molleturo,01,,
58,Nulti,01,,
59,Octavio Cordero Palacios (Santa Rosa),01,,
60,Paccha,01,,
61,Quingeo,01,,
62,Ricaurte,01,,
63,San Joaquín,01,,
64,Santa Ana,01,,
65,Sayausí,01,,
66,Sidcay,01,,
67,Sinincay,01,,
68,Tarqui,01,,
69,Turi,01,,
70,Valle,01,,
71,Victoria del Portete (Irquis),01,,
99,Sin Especificar,01,,
50,Girón Cabecera Cantonal,02,,
51,Asunción,02,,
52,San Gerardo,02,,
99,Sin Especificar,02,,
50,Gualaceo Cabecera Cantonal,03,,
51,Chordeleg,03,,
52,Daniel Córdova Toral (El Oriente),03,,
53,Jadán,03,,
54,Mariano Moreno,03,,
55,Principal,03,,
56,Remigio Crespo Toral (Gúlag),03,,
57,San Juan,03,,
58,Zhidmad,03,,
59,Luis Cordero Vega,03,,
60,Simón Bolívar (Cab. en Gañanzol),03,,
99,Sin Especificar,03,,
50,Nabón Cabecera Cantonal,04,,
51,Cochapata,04,,
52,El Progreso (Cab. en Zhota),04,,
53,Las Nieves (Chaya),04,,
54,Oña,04,,
55,La Paz,04,,
99,Sin Especificar,04,,
50,Paute Cabecera Cantonal,05,,
51,Amaluza,05,,
52,Bulán (José Víctor Izquierdo),05,,
53,Chicán (Guillermo Ortega),05,,
54,El Cabo,05,,
55,Guachapala,05,,
56,Guarainag,05,,
57,Palmas,05,,
58,Pan,05,,
59,San Cristóbal (Carlos Ordóñez Lazo),05,,
60,Sevilla de Oro,05,,
61,Tomebamba,05,,
62,Dug Dug,05,,
99,Sin Especificar,05,,
50,Pucará Cabecera Cantonal,06,,
51,Camilo Ponce Enríquez (Cab. en Río 7 de Mollepongo),06,,
52,San Rafael de Shurug,06,,
99,Sin Especificar,06,,
50,San Fernando Cabecera Cantonal,07,,
51,Chumblín,07,,
99,Sin Especificar,07,,
50,Santa Isabel (Chaguarurco) Cabecera Cantonal,08,,
51,Abdón Calderón  (La Unión),08,,
52,El Carmen de Pijilí,08,,
53,Zhaglli (Shaglli),08,,
54,San Salvador de Cañaribamba,08,,
99,Sin Especificar,08,,
50,Sigsig Cabecera Cantonal,09,,
51,Cuchil (Cutchil),09,,
52,Gima,09,,
53,Guel,09,,
54,Ludo,09,,
55,San Bartolomé,09,,
56,San José de Raranga,09,,
99,Sin Especificar,09,,
50,San Felipe de Oña Cabecera Cantonal,10,,
51,Susudel,10,,
99,Sin Especificar,10,,
50,Chordeleg Cabecera Cantonal,11,,
51,Principal,11,,
52,La Unión,11,,
53,Luis Galarza Orellana (Cab. en Delegsol),11,,
54,San Martín de Puzhio,11,,
99,Sin Especificar,11,,
50,El Pan Cabecera Cantonal,12,,
51,Amaluza,12,,
52,Palmas,12,,
53,San Vicente,12,,
99,Sin Especificar,12,,
50,Sevilla de Oro Cabecera Cantonal,13,,
51,Amaluza,13,,
52,Palmas,13,,
99,Sin Especificar,13,,
50,Guachapala Cabecera Cantonal,14,,
99,Sin Especificar,14,,
50,Camilo Ponce Enríquez Cabecera Cantonal,15,,
51,El Carmen de Pijilí,15,,
99,Sin Especificar,15,,
01,Ángel Polibio Cháves,01,,
02,Gabriel Ignacio Veintimilla,01,,
03,Guanujo,01,,
50,Guaranda Cabecera Cantonal y Capital Provincial,01,,
51,Facundo Vela,01,,
52,Guanujo,01,,
53,Julio E. Moreno (Catanahuán Grande),01,,
54,Las Naves,01,,
55,Salinas,01,,
56,San Lorenzo,01,,
57,San Simón (Yacoto),01,,
58,Santa Fé (Santa Fé),01,,
59,Simiátug,01,,
60,San Luis de Pambil,01,,
99,Sin Especificar,01,,
50,Chillanes Cabecera Cantonal,02,,
51,San José del Tambo (Tambopamba),02,,
99,Sin Especificar,02,,
50,San José de Chimbo Cabecera Cantonal,03,,
51,Asunción (Asancoto),03,,
52,Caluma,03,,
53,Magdalena (Chapacoto),03,,
54,San Sebastián,03,,
55,Telimbela,03,,
99,Sin Especificar,03,,
50,Echeandía Cabecera Cantonal,04,,
99,Sin Especificar,04,,
50,San Miguel Cabecera Cantonal,05,,
51,Balsapamba,05,,
52,Bilován,05,,
53,Régulo de Mora,05,,
54,San Pablo  (San Pablo de Atenas),05,,
55,Santiago,05,,
56,San Vicente,05,,
99,Sin Especificar,05,,
50,Caluma Cabecera Cantonal,06,,
99,Sin Especificar,06,,
01,Las Mercedes,07,,
02,Las Naves,07,,
50,Las Naves Cabecera Cantonal,07,,
99,Sin Especificar,07,,
01,Aurelio Bayas Martínez,01,,
02,Azogues,01,,
03,Borrero,01,,
04,San Francisco,01,,
50,Azogues,01,,
51,Cojitambo,01,,
52,Déleg,01,,
53,Guapán,01,,
54,Javier Loyola (Chuquipata),01,,
55,Luis Cordero,01,,
56,Pindilig,01,,
57,Rivera,01,,
58,San Miguel,01,,
59,Solano,01,,
60,Taday,01,,
99,Sin Especificar,01,,
50,Biblián Cabecera Cantonal,02,,
51,Nazón (Cab. en Pampa de Domínguez),02,,
52,San Francisco de Sageo,02,,
53,Turupamba,02,,
54,Jerusalén,02,,
99,Sin Especificar,02,,
50,Cañar Cabecera Cantonal,03,,
51,Chontamarca,03,,
52,Chorocopte,03,,
53,General Morales (Socarte),03,,
54,Gualleturo,03,,
55,Honorato Vásquez (Tambo Viejo),03,,
56,Ingapirca,03,,
57,Juncal,03,,
58,San Antonio,03,,
59,Suscal,03,,
60,Tambo,03,,
61,Zhud,03,,
62,Ventura,03,,
63,Ducur,03,,
99,Sin Especificar,03,,
50,La Troncal,04,,
51,Manuel J. Calle,04,,
52,Pancho Negro,04,,
99,Sin Especificar,04,,
50,El Tambo Cabecera Cantonal,05,,
99,Sin Especificar,05,,
50,Déleg Cabecera Cantonal,06,,
51,Solano,06,,
99,Sin Especificar,06,,
50,Suscal Cabecera Cantonal,07,,
99,Sin Especificar,07,,
01,González Suárez,01,,
02,Tulcán,01,,
50,Tulcán Cabecera Cantonal y Capital Provincial,01,,
51,El Carmelo (El Pun),01,,
52,Huaca,01,,
53,Julio Andrade (Orejuela),01,,
54,Maldonado,01,,
55,Pioter,01,,
56,Tobar Donoso (La Bocana de Camumbí),01,,
57,Tufiño,01,,
58,Urbina (Taya),01,,
59,El Chical,01,,
60,Mariscal Sucre,01,,
61,Santa Martha de Cuba,01,,
99,Sin Especificar,01,,
50,Bolívar Cabecera Cantonal,02,,
51,García Moreno,02,,
52,Los Andes,02,,
53,Monte Olivo,02,,
54,San Vicente de Pusir,02,,
55,San Rafael,02,,
99,Sin Especificar,02,,
01,El Ángel,03,,
02,27 de Septiembre,03,,
50,El Ángel Cabecera Cantonal,03,,
51,El Goaltal,03,,
52,La Libertad (Alizo),03,,
53,San Isidro,03,,
99,Sin Especificar,03,,
50,Mira (Chontahuasi) Cabecera Cantonal,04,,
51,Concepción,04,,
52,Jijón y Caamaño (Cab. en Río Blanco),04,,
53,Juan Montalvo (San Ignacio de Quil),04,,
99,Sin Especificar,04,,
01,González Suárez,05,,
02,San José,05,,
50,San Gabriel Cabecera Cantonal,05,,
51,Cristóbal Colón,05,,
52,Chitán de Navarrete,05,,
53,Fernández Salvador,05,,
54,La Paz,05,,
55,Piartal,05,,
99,Sin Especificar,05,,
50,Huaca Cabecera Cantonal,06,,
51,Mariscal Sucre,06,,
99,Sin Especificar,06,,
01,Eloy Alfaro (San Felipe),01,,
02,Ignacio Flores (Parque Flores),01,,
03,Juan Montalvo (San Sebastián),01,,
04,La Matriz,01,,
05,San Buenaventura,01,,
50,Latacunga Cabecera Cantonal y Capital Provincial,01,,
51,Alaques (Aláquez),01,,
52,Belisario Quevedo (Guanailín),01,,
53,Guaitacama (Guaytacama),01,,
54,Joseguango Bajo,01,,
55,Las Pampas,01,,
56,Mulaló,01,,
57,11 de Noviembre (Ilinchisi),01,,
58,Poaló,01,,
59,San Juan de Pastocalle,01,,
60,Sigchos,01,,
61,Tanicuchí,01,,
62,Toacaso,01,,
63,Palo Quemado,01,,
99,Sin Especificar,01,,
01,El Carmen,02,,
02,La Maná,02,,
03,El Triunfo,02,,
50,La Maná Cabecera Cantonal,02,,
51,Guasaganda (Cab. en Guasaganda Centro),02,,
52,Pucayacu,02,,
99,Sin Especificar,02,,
50,El Corazón,03,,
51,Moraspungo,03,,
52,Pinllopata,03,,
53,Ramón Campaña,03,,
99,Sin Especificar,03,,
50,Pujilí Cabecera Cantonal,04,,
51,Angamarca,04,,
52,Chucchilán (Chugchilán),04,,
53,Guangaje,04,,
54,Isinlibí (Isinliví),04,,
55,La Victoria,04,,
56,Pilaló,04,,
57,Tingo,04,,
58,Zumbahua,04,,
99,Sin Especificar,04,,
50,San Miguel Cabecera Cantonal,05,,
51,Antonio José Holguín  (Santa Lucía),05,,
52,Cusubamba,05,,
53,Mulalillo,05,,
54,Mulliquindil (Santa Ana),05,,
55,Pansaleo,05,,
99,Sin Especificar,05,,
50,Saquisilí Cabecera Cantonal,06,,
51,Canchagua,06,,
52,Chantilín,06,,
53,Cochapamba,06,,
99,Sin Especificar,06,,
50,Sigchos Cabecera Cantonal,07,,
51,Chugchillán,07,,
52,Isinliví,07,,
53,Las Pampas,07,,
54,Palo Quemado,07,,
99,Sin Especificar,07,,
01,Lizarzaburu,01,,
02,Maldonado,01,,
03,Velasco,01,,
04,Veloz,01,,
05,Yaruquíes,01,,
50,Riobamba Cabecera Cantonal y Capital Provincial,01,,
51,Cacha (Cab. en Machángara),01,,
52,Calpi,01,,
53,Cubijíes,01,,
54,Flores,01,,
55,Licán,01,,
56,Licto,01,,
57,Pungalá,01,,
58,Punín,01,,
59,Quimiag,01,,
60,San Juan,01,,
61,San Luis,01,,
99,Sin Especificar,01,,
50,Alausí Cabecera Cantonal,02,,
51,Achupallas,02,,
52,Cumandá,02,,
53,Guasuntos,02,,
54,Huigra,02,,
55,Multitud,02,,
56,Pistishí (Nariz del Diablo),02,,
57,Pumallacta,02,,
58,Sevilla,02,,
59,Sibambe,02,,
60,Tixán,02,,
99,Sin Especificar,02,,
01,Cajabamba,03,,
02,Sicalpa,03,,
50,Villa La Unión (Cajabamba) Cabecera Cantonal,03,,
51,Cañi,03,,
52,Columbe,03,,
53,Juan de Velasco (Pangor),03,,
54,Santiago de Quito (Cab. en San Antonio de Quito),03,,
99,Sin Especificar,03,,
50,Chambo Cabecera Cantonal,04,,
99,Sin Especificar,04,,
50,Chunchi Cabecera Cantonal,05,,
51,Capzol,05,,
52,Compud,05,,
53,Gonzol,05,,
54,Llagos,05,,
99,Sin Especificar,05,,
50,Guamote Cabecera Cantonal,06,,
51,Cebadas,06,,
52,Palmira,06,,
99,Sin Especificar,06,,
01,El Rosario,07,,
02,La Matriz,07,,
50,Guano Cabecera Cantonal,07,,
51,Guanando,07,,
52,Ilapo,07,,
53,La Providencia,07,,
54,San Andrés,07,,
55,San Gerardo de Pacaicaguán,07,,
56,San Isidro de Patulú,07,,
57,San José del Chazo,07,,
58,Santa Fé de Galán,07,,
59,Valparaíso,07,,
99,Sin Especificar,07,,
50,Pallatanga Cabecera Cantonal,08,,
99,Sin Especificar,08,,
50,Penipe Cabecera Cantonal,09,,
51,El Altar,09,,
52,Matus,09,,
53,Puela,09,,
54,San Antonio de Bayushig,09,,
55,La Candelaria,09,,
56,Bilbao (Cab. en Quilluyacu),09,,
99,Sin Especificar,09,,
50,Cumandá Cabecera Cantonal,10,,
99,Sin Especificar,10,,
01,La Providencia,01,,
02,Machala,01,,
03,Puerto Bolívar,01,,
04,Nueve de Mayo,01,,
05,El Cambio,01,,
50,Machala Cabecera Cantonal y Capital Provincial,01,,
51,El Cambio,01,,
52,El Retiro,01,,
99,Sin Especificar,01,,
50,Arenillas Cabecera Cantonal,02,,
51,Chacras,02,,
52,La Libertad,02,,
53,Las Lajas (Cab. en la Victoria),02,,
54,Palmales,02,,
55,Carcabón,02,,
99,Sin Especificar,02,,
50,Paccha Cabecera Cantonal,03,,
51,Ayapamba,03,,
52,Cordoncillo,03,,
53,Milagro,03,,
54,San José,03,,
55,San Juan de Cerro Azul,03,,
99,Sin Especificar,03,,
50,Balsas Cabecera Cantonal,04,,
51,Bellamaría,04,,
99,Sin Especificar,04,,
50,Chilla Cabecera Cantonal,05,,
99,Sin Especificar,05,,
50,El Guabo Cabecera Cantonal,06,,
51,Barbones (Sucre),06,,
52,La Iberia,06,,
53,Tendales (Cab. en Puerto Tendales),06,,
54,Río Bonito,06,,
99,Sin Especificar,06,,
01,Ecuador,07,,
02,El Paraíso,07,,
03,Hualtaco,07,,
04,Milton Reyes,07,,
05,Unión Lojana,07,,
50,Huaquillas Cabecera Cantonal,07,,
99,Sin Especificar,07,,
50,Marcabelí Cabecera Cantonal,08,,
51,El Ingenio,08,,
99,Sin Especificar,08,,
01,Bolívar,09,,
02,Loma de Franco,09,,
03,Ochoa León (Matriz),09,,
04,Tres Cerritos,09,,
50,Pasaje Cabecera Cantonal,09,,
51,Buenavista,09,,
52,Casacay,09,,
53,La Peaña,09,,
54,Progreso,09,,
55,Uzhcurrumi,09,,
56,Cañaquemada,09,,
99,Sin Especificar,09,,
01,La Matriz,10,,
02,La Susaya,10,,
03,Piñas Grande,10,,
50,Piñas Cabecera Cantonal,10,,
51,Capiro (Cab. en La Capilla de Capiro),10,,
52,La Bocana,10,,
53,Moromoro (Cab. en El Vado),10,,
54,Piedras,10,,
55,San Roque (Ambrosio Maldonado),10,,
56,Saracay,10,,
99,Sin Especificar,10,,
50,Portovelo Cabecera Cantonal,11,,
51,Curtincapa,11,,
52,Morales,11,,
53,Salatí,11,,
99,Sin Especificar,11,,
01,Santa Rosa,12,,
02,Puerto Jelí,12,,
03,Balnerio Jambelí (Satélite),12,,
04,Jumón (Satélite),12,,
05,Nuevo Santa Rosa,12,,
50,Santa Rosa Cabecera Cantonal,12,,
51,Bellavista,12,,
52,Jambelí,12,,
53,La Avanzada,12,,
54,San Antonio,12,,
55,Torata,12,,
56,Victoria,12,,
57,Bellamaría,12,,
99,Sin Especificar,12,,
50,Zaruma Cabecera Cantonal,13,,
51,Abañín,13,,
52,Arcapamba,13,,
53,Guanazán,13,,
54,Guizhaguiña,13,,
55,Huertas,13,,
56,Malvas,13,,
57,Muluncay Grande,13,,
58,Sinsao,13,,
59,Salvias,13,,
99,Sin Especificar,13,,
01,La Victoria,14,,
02,Platanillos,14,,
03,Valle Hermoso,14,,
50,La Victoria Cabecera Cantonal,14,,
51,La Libertad,14,,
52,El Paraíso,14,,
53,San Isidro,14,,
99,Sin Especificar,14,,
01,Bartolomé Ruiz (César Franco Carrión),01,,
02,5 de Agosto,01,,
03,Esmeraldas,01,,
04,Luis Tello (Las Palmas),01,,
05,Simón Plata Torres,01,,
50,Esmeraldas Cabecera Cantonal y Capital Provincial,01,,
51,Atacames,01,,
52,Camarones (Cab. en San Vicente),01,,
53,Crnel. Carlos Concha Torres (Cab. en Huele),01,,
54,Chinca,01,,
55,Chontaduro,01,,
56,Chumundé,01,,
57,Lagarto,01,,
58,La Unión,01,,
59,Majua,01,,
60,Montalvo (Cab. en Horqueta),01,,
61,Río Verde,01,,
62,Rocafuerte,01,,
63,San Mateo,01,,
64,Súa (Cab. en La Bocana),01,,
65,Tabiazo,01,,
66,Tachina,01,,
67,Tonchigüe,01,,
68,Vuelta Larga,01,,
99,Sin Especificar,01,,
50,Valdez (Limones) Cabecera Cantonal,02,,
51,Anchayacu,02,,
52,Atahualpa (Cab. en Camarones),02,,
53,Borbon,02,,
54,La Tola,02,,
55,Luis Vargas Torres (Cab. en Playa de Oro),02,,
56,Maldonado,02,,
57,Pampanal de Bolívar,02,,
58,San Francisco de Onzole,02,,
59,Santo Domingo de Onzole,02,,
60,Selva Alegre,02,,
61,Telembi,02,,
62,Colón Eloy del María,02,,
63,San José de Cayapas,02,,
64,Timbire,02,,
65,Santa Lucia de las Peñas,02,,
99,Sin Especificar,02,,
50,Muisne Cabecera Cantonal,03,,
51,Bolívar,03,,
52,Daule,03,,
53,Galera,03,,
54,Quingue (Olmedo Perdomo Franco),03,,
55,Salima,03,,
56,San Francisco,03,,
57,San Gregorio,03,,
58,San José de Chamanga (Cab. en Chamanga),03,,
99,Sin Especificar,03,,
50,Rosa Zárate (Quinindé) Cabecera Cantonal,04,,
51,Cube,04,,
52,Chura (Chancama) (Cab. en El Yerbero),04,,
53,Malimpia,04,,
54,Viche,04,,
55,La Unión,04,,
99,Sin Especificar,04,,
50,San Lorenzo Cabecera Cantonal,05,,
51,Alto Tambo (Cab. en Guadual),05,,
52,Ancón (Pichangal) (Cab. en Palma Real),05,,
53,Calderón,05,,
54,Carondelet,05,,
55,5 de Junio (Cab. en Uimbi),05,,
56,Concepción,05,,
57,Mataje (Cab. en Santander),05,,
58,San Javier de Cachaví (Cab. en San Javier),05,,
59,Santa Rita,05,,
60,Tambillo,05,,
61,Tululbí (Cab. en Ricaurte),05,,
62,Urbina,05,,
99,Sin Especificar,05,,
50,Atacames Cabecera Cantonal,06,,
51,La Unión,06,,
52,Súa  (Cab. en La Bocana),06,,
53,Tonchigue,06,,
54,Tonsupa,06,,
99,Sin Especificar,06,,
50,Rioverde Cabecera Cantonal,07,,
51,Chontaduro,07,,
52,Chumundé,07,,
53,Lagarto,07,,
54,Montalvo (Cab. en Horqueta),07,,
55,Rocafuerte,07,,
99,Sin Especificar,07,,
01,Ayacucho,01,,
02,Bolívar (Sagrario),01,,
03,Carbo (Concepción),01,,
04,Febres Cordero,01,,
05,García Moreno,01,,
06,Letamenci,01,,
07,Nueve de Octubre,01,,
08,Olmedo (San Alejo),01,,
09,Roca,01,,
10,Rocafuerte,01,,
11,Sucre,01,,
12,Tarqui,01,,
13,Urdaneta,01,,
14,Ximena,01,,
15,Pascuales,01,,
50,Guayaquil Cabecera Cantonal y Capital Provincial,01,,
51,Chongón,01,,
52,Juan Gómez Rendón (Progreso),01,,
53,Morro,01,,
54,Pascuales,01,,
55,Playas (Gral. Villamil),01,,
56,Posorja,01,,
57,Puná,01,,
58,Tenguel,01,,
99,Sin Especificar,01,,
50,Alfredo Baquerizo Moreno (Juján) Cabecera Cantonal,02,,
99,Sin Especificar,02,,
50,Balao Cabecera Cantonal,03,,
99,Sin Especificar,03,,
50,Balzar Cabecera Cantonal,04,,
99,Sin Especificar,04,,
50,Colimes Cabecera Cantonal,05,,
51,San Jacinto,05,,
99,Sin Especificar,05,,
01,Daule,06,,
02,La Aurora (Satélite),06,,
03,Banife,06,,
04,Emiliano Caicedo Marcos,06,,
05,Magro,06,,
06,Padre Juan Bautista Aguirre,06,,
07,Santa Clara,06,,
08,Vicente Piedrahita,06,,
50,Daule Cabecera Cantonal,06,,
51,Isidro Ayora (Soledad),06,,
52,Juan Bautista Aguirre (Los Tintos),06,,
53,Laurel,06,,
54,Limonal,06,,
55,Lomas de Sargentillo,06,,
56,Los Lojas (Enrique Baquerizo Moreno),06,,
57,Piedrahita (Nobol),06,,
99,Sin Especificar,06,,
01,Eloy Alfaro (Durán),07,,
02,El Recreo,07,,
50,Eloy Alfaro (Durán) Cabecera Cantonal,07,,
99,Sin Especificar,07,,
50,Velasco Ibarra (El Empalme) Cabecera Cantonal,08,,
51,Guayas (Pueblo Nuevo),08,,
52,El Rosario,08,,
99,Sin Especificar,08,,
50,El Triunfo Cabecera Cantonal,09,,
99,Sin Especificar,09,,
50,Milagro Cabecera Cantonal,10,,
51,Chobo,10,,
52,General Elizalde (Bucay),10,,
53,Mariscal Sucre (Huaques),10,,
54,Roberto Astudillo (Cab. en Cruce de Venecia),10,,
99,Sin Especificar,10,,
50,Naranjal Cabecera Cantonal,11,,
51,Jesús María,11,,
52,San Carlos,11,,
53,Santa Rosa de Flandes,11,,
54,Taura,11,,
99,Sin Especificar,11,,
50,Naranjito Cabecera Cantonal,12,,
99,Sin Especificar,12,,
50,PalestinaCabecera Cantonal,13,,
99,Sin Especificar,13,,
50,Pedro Carbo Cabecera Cantonal,14,,
51,Valle de la Virgen,14,,
52,Sabanilla,14,,
99,Sin Especificar,14,,
01,Samborondón,16,,
02,La Puntilla (Satélite),16,,
50,Samborondón Cabecera Cantonal,16,,
51,Tarifa,16,,
99,Sin Especificar,16,,
50,Santa Lucía Cabecera Cantonal,18,,
99,Sin Especificar,18,,
01,Bocana,19,,
02,Candilejos,19,,
03,Central,19,,
04,Paraíso,19,,
05,San Mateo,19,,
50,El Salitre (Las Ramas)  Cabecera Cantonal,19,,
51,Gral. Vernaza (Dos Esteros),19,,
52,La Victoria (Ñauza),19,,
53,Junquillal,19,,
99,Sin Especificar,19,,
50,San Jacinto de Yaguachi Cabecera Cantonal,20,,
51,Crnel. Lorenzo de Garaicoa (Pedregal),20,,
52,Crnel. Marcelino Maridueña (San Carlos),20,,
53,Gral. Pedro J. Montero (Boliche),20,,
54,Simón Bolívar,20,,
55,Yaguachi Viejo (Cone),20,,
56,Virgen de Fátima,20,,
99,Sin Especificar,20,,
50,General Villamil (Playas) Cabecera Cantonal,21,,
99,Sin Especificar,21,,
50,Simón Bolívar Cabecera Cantonal,22,,
51,Crnel.Lorenzo de Garaicoa (Pedregal),22,,
99,Sin Especificar,22,,
50,Coronel Marcelino Maridueña (San Carlos) Cabecera Cantonal,23,,
99,Sin Especificar,23,,
50,Lomas de Sargentillo Cabecera Cantonal,24,,
51,Isidro Ayora (Soledad),24,,
99,Sin Especificar,24,,
50,Narcisa de Jesús (Nobol) Cabecera Cantonal,25,,
99,Sin Especificar,25,,
50,General Antonio Elizalde (Bucay) Cabecera Cantonal,27,,
99,Sin Especificar,27,,
50,Isidro Ayora Cabecera Cantonal,28,,
99,Sin Especificar,28,,
01,Caranqui,01,,
02,Guayaquil de Alpachaca,01,,
03,Sagrario,01,,
04,San Francisco,01,,
05,La Dolorosa del Priorato,01,,
50,San Miguel de Ibarra Cabecera Cantonal y Capital Provincial,01,,
51,Ambuquí,01,,
52,Angochagua,01,,
53,Carolina,01,,
54,La Esperanza,01,,
55,Lita,01,,
56,Salinas,01,,
57,San Antonio,01,,
99,Sin Especificar,01,,
01,Andrade Marín (Lourdes),02,,
02,Atuntaqui,02,,
50,Atuntaqui Cabecera Cantonal,02,,
51,Imbaya (San Luis de Cobuendo),02,,
52,San Francisco de Natabuela,02,,
53,San José de Chaltura,02,,
54,San Roque,02,,
99,Sin Especificar,02,,
01,Sagrario,03,,
02,San Francisco,03,,
50,Cotacachi Cabecera Cantonal,03,,
51,Apuela,03,,
52,García Moreno (Llurimagua),03,,
53,Imantag,03,,
54,Peñaherrera,03,,
55,Plaza Gutiérrez (Calvario),03,,
56,Quiroga,03,,
57,6 de Julio de Cuellaje (Cab. en Cuellaje),03,,
58,Vacas Galindo (El Churo) (Cab.en San Miguel Alto),03,,
99,Sin Especificar,03,,
01,Jordán,04,,
02,San Luis,04,,
50,Otavalo Cabecera Cantonal,04,,
51,Dr. Miguel Egas Cabezas (Peguche),04,,
52,Eugenio Espejo (Calpaquí),04,,
53,González Suárez,04,,
54,Pataquí,04,,
55,San José de Quichinche,04,,
56,San Juan de Ilumán,04,,
57,San Pablo,04,,
58,San Rafael,04,,
59,Selva Alegre (Cab. en San Miguel de Pamplona),04,,
99,Sin Especificar,04,,
50,Pimampiro,05,,
51,Chugá,05,,
52,Mariano Acosta,05,,
53,San Francisco de Sigsipamba,05,,
99,Sin Especificar,05,,
50,Urcuquí Cabecera Cantonal,06,,
51,Cahuasquí,06,,
52,La Merced de Buenos Aires,06,,
53,Pablo Arenas,06,,
54,San Blas,06,,
55,Tumbabiro,06,,
99,Sin Especificar,06,,
01,El Sagrario,01,,
02,San Sebastián,01,,
03,Sucre,01,,
04,Valle,01,,
50,Loja Cabecera Cantonal y Capital Provincial,01,,
51,Chantaco,01,,
52,Chuquiribamba,01,,
53,El Cisne,01,,
54,Gualel,01,,
55,Jimbilla,01,,
56,Malacatos (Valladolid),01,,
57,San Lucas,01,,
58,San Pedro de Vilcabamba,01,,
59,Santiago,01,,
60,Taquil (Miguel Riofrío),01,,
61,Vilcabamba  (Victoria),01,,
62,Yangana (Arsenio Castillo),01,,
63,Quinara,01,,
99,Sin Especificar,01,,
01,Cariamanga,02,,
02,Chile,02,,
03,San Vicente,02,,
50,Cariamanga Cabecera Cantonal,02,,
51,Colaisaca,02,,
52,El Lucero,02,,
53,Utuana,02,,
54,Sanguillín,02,,
99,Sin Especificar,02,,
01,Catamayo,03,,
02,San José,03,,
50,Catamayo (La Toma) Cabecera Cantonal,03,,
51,El Tambo,03,,
52,Guayquichuma,03,,
53,San Pedro de la Bendita,03,,
54,Zambi,03,,
99,Sin Especificar,03,,
50,Celica Cabecera Cantonal,04,,
51,Cruzpamba (Cab. en Carlos Bustamante),04,,
52,Chaquinal,04,,
53,12 de Diciembre (Cab. en Achiotes),04,,
54,Pindal (Federico Páez),04,,
55,Pozul (San Juan de Pozul),04,,
56,Sabanilla,04,,
57,Tnte. Maximiliano Rodríguez Loaiza,04,,
99,Sin Especificar,04,,
50,Chaguarpamba,05,,
51,Buenavista,05,,
52,El Rosario,05,,
53,Santa Rufina,05,,
54,Amarillos,05,,
99,Sin Especificar,05,,
50,Amaluza Cabecera Cantonal,06,,
51,Bellavista,06,,
52,Jimbura,06,,
53,Santa Teresita,06,,
54,27 de Abril (Cab. en La Naranja),06,,
55,El Ingenio,06,,
56,El Airo,06,,
99,Sin Especificar,06,,
50,Gonzanamá Cabecera Cantonal,07,,
51,Changaimina (La Libertad),07,,
52,Fundochamba,07,,
53,Nambacola,07,,
54,Purunuma (Eguiguren),07,,
55,Quilanga (La Paz),07,,
56,Sacapalca,07,,
57,San Antonio de las Aradas (Cab. en las Aradas),07,,
99,Sin Especificar,07,,
01,General Eloy Alfaro (San Sebastián),08,,
02,Macará  (Manuel Enrique Rengel Suquilanda),08,,
50,Macará Cabecera Cantonal,08,,
51,Larama,08,,
52,La Victoria,08,,
53,Sabiango (La Capilla),08,,
99,Sin Especificar,08,,
01,Catacocha,09,,
02,Lourdes,09,,
50,Catacocha Cabecera Cantonal,09,,
51,Cangonamá,09,,
52,Guachanamá,09,,
53,La Tingue,09,,
54,Lauro Guerrero,09,,
55,Olmedo (Santa Bárbara),09,,
56,Orianga,09,,
57,San Antonio,09,,
58,Casanga,09,,
59,Yamana,09,,
99,Sin Especificar,09,,
50,Alamor Cabecera Cantonal,10,,
51,Ciano,10,,
52,El Arenal,10,,
53,El Limo (Mariana de Jesús),10,,
54,Mercadillo,10,,
55,Vicentino,10,,
99,Sin Especificar,10,,
50,Saraguro Cabecera Cantonal,11,,
51,El Paraíso de Celén,11,,
52,El Tablón,11,,
53,Lluzhapa,11,,
54,Manú,11,,
55,San Antonio de Qumbe (Cumbe),11,,
56,San Pablo de Tenta,11,,
57,San Sebastián de Yúluc,11,,
58,Selva Alegre,11,,
59,Urdaneta (Paquishapa),11,,
60,Sumaypamba,11,,
99,Sin Especificar,11,,
50,Sozoranga Cabecera Cantonal,12,,
51,Nueva Fátima,12,,
52,Tacamoros,12,,
99,Sin Especificar,12,,
50,Zapotillo Cabecera Cantonal,13,,
51,Mangahurco,13,,
52,Garzareal,13,,
53,Limones,13,,
54,Paletillas,13,,
55,Bolaspamba,13,,
56,Cazaderos,13,,
99,Sin Especificar,13,,
50,Pindal Cabecera Cantonal,14,,
51,Chaquinal,14,,
52,12 de Diciembre (Cab. en Achiotes),14,,
53,Milagros,14,,
99,Sin Especificar,14,,
50,Quilanga Cabecera Cantonal,15,,
51,Fundochamba,15,,
52,San Antonio de Las Aradas (Cab. en Las Aradas),15,,
99,Sin Especificar,15,,
50,Olmedo Cabecera Cantonal,16,,
51,La Tingue,16,,
99,Sin Especificar,16,,
01,Clemente Baquerizo,01,,
02,Dr. Camilo Ponce,01,,
03,Barreiro,01,,
04,El Salto,01,,
50,Babahoyo Cabecera Cantonal y Capital Provincial,01,,
51,Barreiro (Santa Rita),01,,
52,Caracol,01,,
53,Febres Cordero (Las Juntas) (Cab. en Mata de Cacao),01,,
54,Pimocha,01,,
55,La Unión,01,,
99,Sin Especificar,01,,
50,Baba Cabecera Cantonal,02,,
51,Guare,02,,
52,Isla de Bejuca,02,,
99,Sin Especificar,02,,
50,Montalvo Cabecera Cantonal,03,,
51,La Esmeralda,03,,
99,Sin Especificar,03,,
50,Puebloviejo Cabecera Cantonal,04,,
51,Puerto Pechiche,04,,
52,San Juan,04,,
99,Sin Especificar,04,,
01,Quevedo,05,,
02,San Camilo,05,,
03,San José,05,,
04,Guayacán,05,,
05,Nicolás Infante Díaz,05,,
06,San Cristóbal,05,,
07,Siete de Octubre,05,,
08,24 de Mayo,05,,
09,Venus del Río Quevedo,05,,
10,Viva Alfaro,05,,
50,Quevedo Cabecera Cantonal,05,,
51,Buena Fé,05,,
52,Mocache,05,,
53,San Carlos,05,,
54,Valencia,05,,
55,La Esperanza,05,,
99,Sin Especificar,05,,
50,Catarama Cabecera Cantonal,06,,
51,Ricaurte,06,,
99,Sin Especificar,06,,
01,10 de Noviembre,07,,
50,Ventanas Cabecera Cantonal,07,,
51,Quinsaloma,07,,
52,Zapotal,07,,
53,Chacarita,07,,
54,Los Ángeles,07,,
99,Sin Especificar,07,,
50,Vinces Cabecera Cantonal,08,,
51,Antonio Sotomayor (Cab. en Playas de Vinces),08,,
52,Palenque,08,,
99,Sin Especificar,08,,
50,Palenque Cabecera Cantonal,09,,
99,Sin Especificar,09,,
01,San Jacinto de Buena Fé,10,,
02,7 de Agosto,10,,
03,11 de Octubre,10,,
50,San Jacinto de Buena Fé Cabecera Cantonal,10,,
51,Patricia Pilar,10,,
99,Sin Especificar,10,,
50,Valencia Cabecera Cantonal,11,,
99,Sin Especificar,11,,
50,Mocache Cabecera Cantonal,12,,
99,Sin Especificar,12,,
50,Quinsaloma Cabecera Cantonal,13,,
99,Sin Especificar,13,,
01,Portoviejo,01,,
02,12 de Marzo,01,,
03,Colón,01,,
04,Picoazá,01,,
05,San Pablo,01,,
06,Andrés de Vera,01,,
07,Francisco Pacheco,01,,
08,18 de Octubre,01,,
09,Simón Bolívar,01,,
50,Portoviejo Cabecera Cantonal y Capital Provincial,01,,
51,Abdón Calderón (San Francisco),01,,
52,Alhajuela (Bajo Grande),01,,
53,Crucita,01,,
54,Pueblo Nuevo,01,,
55,Riochico (Río Chico),01,,
56,San Plácido,01,,
57,Chirijos,01,,
99,Sin Especificar,01,,
50,Calceta Cabecera Cantonal,02,,
51,Membrillo,02,,
52,Quiroga,02,,
99,Sin Especificar,02,,
01,Chone,03,,
02,Santa Rita,03,,
50,Chone Cabecera Cantonal,03,,
51,Boyacá,03,,
52,Canuto,03,,
53,Convento,03,,
54,Chibunga,03,,
55,Eloy Alfaro,03,,
56,Ricaurte,03,,
57,San Antonio,03,,
99,Sin Especificar,03,,
01,El Carmen,04,,
02,4de Diciembre,04,,
50,El Carmen Cabecera Cantonal,04,,
51,Wilfrido Loor Moreira (Maicito),04,,
52,San Pedro de Suma,04,,
99,Sin Especificar,04,,
50,Flavio Alfaro Cabecera Cantonal,05,,
51,San Francisco de Novillo (Cab. en Novillo),05,,
52,Zapallo,05,,
99,Sin Especificar,05,,
01,Dr. Miguel Morán Lucio,06,,
02,Manuel Inocencio Parrales y Guale,06,,
03,San Lorenzo de Jipijapa,06,,
50,Jipijapa Cabecera Cantonal,06,,
51,América,06,,
52,El Anegado (Cab. en Eloy Alfaro),06,,
53,Julcuy,06,,
54,La Unión,06,,
55,Machalilla,06,,
56,Membrillal,06,,
57,Pedro Pablo Gómez,06,,
58,Puerto de Cayo,06,,
59,Puerto López,06,,
99,Sin Especificar,06,,
50,Junín Cabecera Cantonal,07,,
99,Sin Especificar,07,,
01,Los Esteros,08,,
02,Manta,08,,
03,San Mateo,08,,
04,Tarqui,08,,
05,Eloy Alfaro,08,,
50,Manta Cabecera Cantonal,08,,
51,San Lorenzo,08,,
52,Santa Marianita (Boca de Pacoche),08,,
99,Sin Especificar,08,,
01,Anibal San Andrés,09,,
02,Montecristi,09,,
03,El Colorado,09,,
04,General Eloy Alfaro,09,,
05,Leonidas Proaño,09,,
50,Montecristi Cabecera Cantonal,09,,
51,Jaramijó,09,,
52,La Pila,09,,
99,Sin Especificar,09,,
50,Paján Cabecera Cantonal,10,,
51,Campozano (La Palma de Paján),10,,
52,Cascol,10,,
53,Guale,10,,
54,Lascano,10,,
99,Sin Especificar,10,,
50,Pichincha Cabecera Cantonal,11,,
51,Barraganete,11,,
52,San Sebastián,11,,
99,Sin Especificar,11,,
50,Rocafuerte Cabecera Cantonal,12,,
99,Sin Especificar,12,,
01,Santa Ana,13,,
02,Lodana,13,,
50,Santa Ana de Vuelta Larga Cabecera Cantonal,13,,
51,Ayacucho,13,,
52,Honorato Vásquez (Cab. en Vásquez),13,,
53,La Unión,13,,
54,Olmedo,13,,
55,San Pablo (Cab. en Pueblo Nuevo),13,,
99,Sin Especificar,13,,
01,Bahía de Caráquez,14,,
02,Leonidas Plaza Gutiérrez,14,,
50,Bahía de Caráquez Cabecera Cantonal,14,,
51,Canoa,14,,
52,Cojimíes,14,,
53,Charapotó,14,,
54,10 de Agosto,14,,
55,Jama,14,,
56,Pedernales,14,,
57,San Isidro,14,,
58,San Vicente,14,,
99,Sin Especificar,14,,
50,Tosagua Cabecera Cantonal,15,,
51,Bachillero,15,,
52,Ángel Pedro Giler (La Estancilla),15,,
99,Sin Especificar,15,,
50,Sucre Cabecera Cantonal,16,,
51,Bellavista,16,,
52,Noboa,16,,
53,Arq. Sixto Durán Ballén,16,,
99,Sin Especificar,16,,
50,Pedernales Cabecera Cantonal,17,,
51,Cojimíes,17,,
52,10 de Agosto,17,,
53,Atahualpa,17,,
99,Sin Especificar,17,,
50,Olmedo Cabecera Cantonal,18,,
99,Sin Especificar,18,,
50,Puerto López Cabecera Cantonal,19,,
51,Machalilla,19,,
52,Salango,19,,
99,Sin Especificar,19,,
50,Jama Cabecera Cantonal,20,,
99,Sin Especificar,20,,
50,Jaramijó Cabecera Cantonal,21,,
99,Sin Especificar,21,,
50,San Vicente Cabecera Cantonal,22,,
51,Canoa,22,,
99,Sin Especificar,22,,
50,Macas Cabecera Cantonal y Capital Provincial,01,,
51,Alshi (Cab. en 9 de Octubre),01,,
52,Chiguaza,01,,
53,General Proaño,01,,
54,Huasaga (Cab.en Wampuik),01,,
55,Macuma,01,,
56,San Isidro,01,,
57,Sevilla Don Bosco,01,,
58,Sinaí,01,,
59,Taisha,01,,
60,Zuña (Zúñac),01,,
61,Tuutinentza,01,,
62,Cuchaentza,01,,
63,San José de Morona,01,,
64,Río Blanco,01,,
99,Sin Especificar,01,,
01,Gualaquiza,02,,
02,Mercedes Molina,02,,
50,Gualaquiza Cabecera Cantonal,02,,
51,Amazonas (Rosario de Cuyes),02,,
52,Bermejos,02,,
53,Bomboiza,02,,
54,Chiguinda,02,,
55,El Rosario,02,,
56,Nueva Tarqui,02,,
57,San Miguel de Cuyes,02,,
58,El Ideal,02,,
99,Sin Especificar,02,,
50,General Leonidas Plaza Gutiérrez (Limón) Cabecera Cantonal,03,,
51,Indanza,03,,
52,Pan de Azúcar,03,,
53,San Antonio (Cab. en San Antonio Centro),03,,
54,San Carlos de Limón (San Carlos del Zamora),03,,
55,San Juan Bosco,03,,
56,San Miguel de Conchay,03,,
57,Santa Susana de Chiviaza (Cab. en Chiviaza),03,,
58,Yunganza (Cab. en El Rosario),03,,
99,Sin Especificar,03,,
50,Palora (Metzera)Cabecera Cantonal,04,,
51,Arapicos,04,,
52,Cumandá (Cab. en Colonia Agrícola Sevilla del Oro),04,,
53,Huamboya,04,,
54,Sangay (Cab. en Nayamanaca),04,,
55,16 de Agosto,04,,
99,Sin Especificar,04,,
50,Santiago de Méndez Cabecera Cantonal,05,,
51,Copal,05,,
52,Chupianza,05,,
53,Patuca,05,,
54,San Luis de El Acho (Cab. en El Acho),05,,
56,Tayuza,05,,
57,San Francisco de Chinimbimi,05,,
99,Sin Especificar,05,,
50,Sucúa Cabecera Cantonal,06,,
51,Asunción,06,,
52,Huambi,06,,
53,Logroño,06,,
54,Yaupi,06,,
55,Santa Marianita de Jesús,06,,
99,Sin Especificar,06,,
50,Huamboya Cabecera Cantonal,07,,
51,Chiguaza,07,,
52,Pablo Sexto,07,,
99,Sin Especificar,07,,
50,San Juan Bosco Cabecera Cantonal,08,,
51,Pan de Azúcar,08,,
52,San Carlos de Limón  ,08,,
53,San Jacinto de Wakambeis,08,,
54,Santiago de Pananza,08,,
99,Sin Especificar,08,,
50,Taisha Cabecera Cantonal,09,,
51,Huasaga (Cab. en Wampuik),09,,
52,Macuma,09,,
53,Tuutinentza,09,,
54,Pumpuentsa,09,,
99,Sin Especificar,09,,
50,Logroño Cabecera Cantonal,10,,
51,Yaupi,10,,
52,Shimpis,10,,
99,Sin Especificar,10,,
50,Pablo Sexto Cabecera Cantonal,11,,
99,Sin Especificar,11,,
50,Santiago Cabecera Cantonal,12,,
51,San José de Morona,12,,
99,Sin Especificar,12,,
50,Tena Cabecera Cantonal y Capital Provincial,01,,
51,Ahuano,01,,
52,Carlos Julio Arosemena Tola (Zatza-Yacu),01,,
53,Chontapunta,01,,
54,Pano,01,,
55,Puerto Misahualli,01,,
56,Puerto Napo,01,,
57,Tálag,01,,
58,San Juan de Muyuna,01,,
99,Sin Especificar,01,,
50,Archidona Cabecera Cantonal,03,,
51,Avila,03,,
52,Cotundo,03,,
53,Loreto,03,,
54,San Pablo de Ushpayacu,03,,
55,Puerto Murialdo,03,,
56,Hatun Sumaku,03,,
99,Sin Especificar,03,,
50,El Chaco Cabecera Cantonal,04,,
51,Gonzalo Díaz de Pineda (El Bombón),04,,
52,Linares,04,,
53,Oyacachi,04,,
54,Santa Rosa,04,,
55,Sardinas,04,,
99,Sin Especificar,04,,
50,Baeza Cabecera Cantonal,07,,
51,Cosanga,07,,
52,Cuyuja,07,,
53,Papallacta,07,,
54,San Francisco de Borja (Virgilio Dávila),07,,
55,San José del Payamino,07,,
56,Sumaco,07,,
99,Sin Especificar,07,,
50,Carlos Julio Arosemena Tola Cabecera Cantonal,09,,
99,Sin Especificar,09,,
50,Puyo Cabecera Cantonal y Capital Provincial,01,,
51,Arajuno,01,,
52,Canelos,01,,
53,Curaray,01,,
54,Diez de Agosto,01,,
55,Fátima,01,,
56,Montalvo (Andoas),01,,
57,Pomona,01,,
58,Río Corrientes,01,,
59,Río Tigre,01,,
60,Santa Clara,01,,
61,Sarayacu,01,,
62,Simón Bolívar  (Cab. en Mushullacta),01,,
63,Tarqui,01,,
64,Teniente Hugo Ortiz,01,,
65,Veracruz  (Cab. en Indillama),01,,
66,El Triunfo,01,,
99,Sin Especificar,01,,
50,Mera Cabecera Cantonal,02,,
51,Madre Tierra,02,,
52,Shell,02,,
99,Sin Especificar,02,,
50,Santa Clara Cabecera Cantonal,03,,
51,San José,03,,
99,Sin Especificar,03,,
50,Arajuno Cabecera Cantonal,04,,
51,Curaray,04,,
99,Sin Especificar,04,,
01,Belisario Quevedo,01,,
02,Carcelén,01,,
03,Centro Histórico,01,,
04,Cochapamba,01,,
05,Comité del Pueblo,01,,
06,Cotocollao,01,,
07,Chilibulo,01,,
08,Chillogallo,01,,
09,Chimbacalle,01,,
10,El Condado,01,,
11,Guamaní,01,,
12,Iñaquito,01,,
13,Itchimbía,01,,
14,Jipijapa,01,,
15,Kennedy,01,,
16,La Argelia,01,,
17,La Concepción,01,,
18,La Ecuatoriana,01,,
19,La Ferroviaria,01,,
20,La Libertad,01,,
21,La Magadalena,01,,
22,La Mena,01,,
23,Mariscal Sucre,01,,
24,Ponceano,01,,
25,Puengasí,01,,
26,Quitumbe,01,,
27,Rumipamba,01,,
28,San Bartolo,01,,
29,San Isidro del Inca,01,,
30,San Juan,01,,
31,Solanda,01,,
32,Turubamba,01,,
50,Quito Distrito Metropolitano Cabecera Cantonal,01,,
51,Alangasí,01,,
52,Amaguaña,01,,
53,Atahualpa,01,,
54,Calacalí,01,,
55,Calderón,01,,
56,Conocoto,01,,
57,Cumbayá,01,,
58,Chavezpamba,01,,
59,Checa (Chilpa),01,,
60,El Quinche,01,,
61,Gualea,01,,
62,Guangopolo,01,,
63,Guayllabamba,01,,
64,La Merced,01,,
65,Llano Chico,01,,
66,Lloa,01,,
67,Mindo,01,,
68,Nanegal,01,,
69,Nanegalito,01,,
70,Nayón,01,,
71,Nono,01,,
72,Pacto,01,,
73,Pedro Vicente Maldonado,01,,
74,Perucho,01,,
75,Pifo,01,,
76,Píntag,01,,
77,Pomasqui,01,,
78,Puéllaro,01,,
79,Puembo,01,,
80,San Antonio,01,,
81,San José de Minas,01,,
82,San Miguel de los Bancos,01,,
83,Tababela,01,,
84,Tumbaco,01,,
85,Yaruquí,01,,
86,Zámbiza,01,,
87,Puerto Quito,01,,
99,Sin Especificar,01,,
01,Ayora,02,,
02,Cayambe,02,,
03,Juan Montalvo,02,,
50,Cayambe Cabecera Cantonal,02,,
51,Ascázubi,02,,
52,Cangahua,02,,
53,Olmedo (Pesillo),02,,
54,Otón,02,,
55,Santa Rosa de Cuzubamba,02,,
56,San José de Ayora,02,,
99,Sin Especificar,02,,
50,Machachi Cabecera Cantonal,03,,
51,Alóag,03,,
52,Aloasí,03,,
53,Cutuglahua,03,,
54,El Chaupi,03,,
55,Manuel Cornejo Astorga (Tandapi),03,,
56,Tambillo,03,,
57,Uyumbicho,03,,
99,Sin Especificar,03,,
50,Tabacundo Cabecera Cantonal,04,,
51,La Esperanza,04,,
52,Malchinguí,04,,
53,Tocachi,04,,
54,Tupigachi,04,,
99,Sin Especificar,04,,
01,Sangolquí,05,,
02,San Pedro de Taboada,05,,
03,San Rafael,05,,
50,Sangolquí Cabecera Cantonal,05,,
51,Cotogchoa,05,,
52,Rumipamba,05,,
99,Sin Especificar,05,,
50,San Miguel de los Bancos Cabecera Cantonal,07,,
51,Mindo,07,,
52,Pedro Vicente Maldonado,07,,
53,Puerto Quito,07,,
99,Sin Especificar,07,,
50,Pedro Vicente Maldonado Cabecera Cantonal,08,,
99,Sin Especificar,08,,
50,Puerto Quito Cabecera Cantonal,09,,
99,Sin Especificar,09,,
01,Atocha - Ficoa,01,,
02,Celiano Monge,01,,
03,Huachi Chico,01,,
04,Huachi Loreto,01,,
05,La Merced,01,,
06,La Península,01,,
07,Matriz,01,,
08,Pishilata,01,,
09,San Francisco,01,,
50,Ambato Cabecera Cantonal y Capital Provincial,01,,
51,Ambatillo,01,,
52,Atahualpa (Chisalata),01,,
53,Augusto N. Martínez (Mundugleo),01,,
54,Constantino Fernández (Cab. en Cullitahua),01,,
55,Huachi Grande,01,,
56,Izamba,01,,
57,Juan Benigno Vela,01,,
58,Montalvo,01,,
59,Pasa,01,,
60,Picaigua,01,,
61,Pilagüín (Pilahüín),01,,
62,Quisapincha (Quizapincha),01,,
63,San Bartolomé de Pinllog,01,,
64,San Fernando (Pasa San Fernando),01,,
65,Santa Rosa,01,,
66,Totoras,01,,
67,Cunchibamba,01,,
68,Unamuncho,01,,
99,Sin Especificar,01,,
50,Baños de Agua Santa Cabecera Cantonal,02,,
51,Lligua,02,,
52,Río Negro,02,,
53,Río Verde,02,,
54,Ulba,02,,
99,Sin Especificar,02,,
50,Cevallos Cabecera Cantonal,03,,
99,Sin Especificar,03,,
50,Mocha Cabecera Cantonal,04,,
51,Pinguilí,04,,
99,Sin Especificar,04,,
50,Patate Cabecera Cantonal,05,,
51,El Triunfo,05,,
52,Los Andes (Cab. en Poatug),05,,
53,Sucre (Cab. en Sucre-Patate Urcu),05,,
99,Sin Especificar,05,,
50,Quero Cabecera Cantonal,06,,
51,Rumipamba,06,,
52,Yanayacu - Mochapata (Cab. en Yanayacu),06,,
99,Sin Especificar,06,,
01,Pelileo,07,,
02,Pelileo Grande,07,,
50,Pelileo Cabecera Cantonal,07,,
51,Benítez (Pachanlica),07,,
52,Bolívar,07,,
53,Cotaló,07,,
54,Chiquicha (Cab. en Chiquicha Grande),07,,
55,El Rosario (Rumichaca),07,,
56,García Moreno (Chumaqui),07,,
57,Guambaló (Huambaló),07,,
58,Salasaca,07,,
99,Sin Especificar,07,,
01,Ciudad Nueva,08,,
02,Píllaro,08,,
50,Píllaro Cabecera Cantonal,08,,
51,Baquerizo Moreno,08,,
52,Emilio María Terán (Rumipamba),08,,
53,Marcos Espinel (Chacata),08,,
54,Presidente Urbina (Chagrapamba -Patzucul),08,,
55,San Andrés,08,,
56,San José de Poaló,08,,
57,San Miguelito,08,,
99,Sin Especificar,08,,
50,Tisaleo Cabecera Cantonal,09,,
51,Quinchicoto,09,,
99,Sin Especificar,09,,
01,El Limón,01,,
02,Zamora,01,,
50,Zamora Cabecera Cantonal y Capital Provincial,01,,
51,Cumbaratza,01,,
52,Guadalupe,01,,
53,Imbana (La Victoria de Imbana),01,,
54,Paquisha,01,,
55,Sabanilla,01,,
56,Timbara,01,,
57,Zumbi,01,,
58,San Carlos de las Minas,01,,
99,Sin Especificar,01,,
50,Zumba Cabecera Cantonal,02,,
51,Chito,02,,
52,El Chorro,02,,
53,El Porvenir del Carmen,02,,
54,La Chonta,02,,
55,Palanda,02,,
56,Pucapamba,02,,
57,San Francisco del Vergel,02,,
58,Valladolid,02,,
59,San Andrés,02,,
99,Sin Especificar,02,,
50,Guayzimi Cabecera Cantonal,03,,
51,Zurmi,03,,
52,Nuevo Paraíso,03,,
99,Sin Especificar,03,,
50,28 de Mayo (San José de Yacuambi) Cabecera Cantonal,04,,
51,La Paz,04,,
52,Tutupali,04,,
99,Sin Especificar,04,,
50,Yantzaza (Yanzatza) Cabecera Cantonal,05,,
51,Chicaña,05,,
52,El Pangui,05,,
53,Los Encuentros,05,,
99,Sin Especificar,05,,
50,El Pangui Cabecera Cantonal,06,,
51,El Guisme,06,,
52,Pachicutza,06,,
53,Tundayme,06,,
99,Sin Especificar,06,,
50,Zumbi Cabecera Cantonal,07,,
51,Paquisha,07,,
52,Triunfo - Dorado,07,,
53,Panguintza,07,,
99,Sin Especificar,07,,
50,Palanda Cabecera Cantonal,08,,
51,El Porvenir del Carmen,08,,
52,San Francisco del Vergel,08,,
53,Valladolid,08,,
54,La Canela,08,,
99,Sin Especificar,08,,
50,Paquisha Cabecera Cantonal,09,,
51,Bellavista,09,,
52,Nuevo Quito,09,,
99,Sin Especificar,09,,
50,Puerto Baquerizo Moreno Cabecera Cantonal y Capital Provincial,01,,
51,El Progreso,01,,
52,Isla Santa María (Floreana) (Cab. en  Pto. Velasco Ibarra),01,,
99,Sin Especificar,01,,
50,Puerto Villamil Cabecera Cantonal,02,,
51,Tomás de Berlanga (Santo Tomás),02,,
99,Sin Especificar,02,,
50,Puerto Ayora Cabecera Cantonal,03,,
51,Bellavista,03,,
52,Santa Rosa (Incluye La Isla Baltra),03,,
99,Sin Especificar,03,,
50,Nueva Loja Cabecera Cantonal y Capital Provincial,01,,
51,Cuyabeno,01,,
52,Dureno,01,,
53,General Farfán,01,,
54,Tarapoa,01,,
55,El Eno,01,,
56,Pacayacu,01,,
57,Jambelí,01,,
58,Santa Cecilia,01,,
59,Aguas Negras,01,,
60,10 de Agosto,01,,
99,Sin Especificar,01,,
50,Lumbaquí Cabecera Cantonal,02,,
51,El Reventador,02,,
52,Gonzalo Pizarro,02,,
53,Lumbaquí,02,,
54,Puerto Libre,02,,
55,Santa Rosa de Sucumbíos,02,,
99,Sin Especificar,02,,
50,Puerto El Carmen del Putumayo Cabecera Cantonal,03,,
51,Palma Roja,03,,
52,Puerto Bolívar (Puerto Montúfar),03,,
53,Puerto Rodríguez,03,,
54,Santa Elena,03,,
99,Sin Especificar,03,,
50,Shushufindi Cabecera Cantonal,04,,
51,Limoncocha,04,,
52,Pañacocha,04,,
53,San Roque (Cab. en San Vicente),04,,
54,San Pedro de Los Cofanes,04,,
55,Siete de Julio,04,,
99,Sin Especificar,04,,
50,La Bonita Cabecera Cantonal,05,,
51,El Playón de San Francisco,05,,
52,La Sofía,05,,
53,Rosa Florida,05,,
54,Santa Bárbara,05,,
99,Sin Especificar,05,,
50,El Dorado de Cascales Cabecera Cantonal,06,,
51,Santa Rosa de Sucumbíos,06,,
52,Sevilla,06,,
99,Sin Especificar,06,,
50,Tarapoa  Cabecera Cantonal,07,,
51,Cuyabeno,07,,
52,Aguas Negras,07,,
99,Sin Especificar,07,,
50,Puerto Francisco de Orellana (El Coca),01,,
51,Dayuma,01,,
52,Taracoa (Nueva Esperanza: Yuca),01,,
53,Alejandro Labaka,01,,
54,El Dorado,01,,
55,El Edén,01,,
56,García Moreno,01,,
57,Inés Arango (Cab. en Western),01,,
58,La Belleza,01,,
59,Nuevo Paraíso (Cab. en Unión Chimborazo),01,,
60,San José de Guayusa,01,,
61,San Luis de Armenia,01,,
99,Sin Especificar,01,,
50,Nuevo Rocafuerte Cabecera Cantonal,02,,
51,Capitán Augusto Rivadeneyra,02,,
52,Cononaco,02,,
53,Santa María de Huiririma,02,,
54,Tiputini,02,,
55,Yasuní,02,,
99,Sin Especificar,02,,
50,La Joya de los Sachas Cabecera Cantonal,03,,
51,Enokanqui,03,,
52,Pompeya,03,,
53,San Carlos,03,,
54,San Sebastián del Coca,03,,
55,Lago San Pedro,03,,
56,Rumipamba,03,,
57,Tres de Noviembre,03,,
58,Unión Milagreña,03,,
99,Sin Especificar,03,,
50,Loreto Cabecera Cantonal,04,,
51,Avila (Cab. en Huiruno),04,,
52,Puerto Murialdo,04,,
53,San José de Payamino,04,,
54,San José de Dahuano,04,,
55,San Vicente de Huaticocha,04,,
99,Sin Especificar,04,,
01,Abraham Calazacón,01,,
02,Bombolí,01,,
03,Chiguilpe,01,,
04,Río Toachi,01,,
05,Río Verde,01,,
06,Santo Domingo de los Coloradoss,01,,
07,Zaracay,01,,
50,Santo Domingo de los Colorados Cabecera Cantonal y Capital Provincial,01,,
51,Alluriquín,01,,
52,Puerto Limón,01,,
53,Luz de América,01,,
54,San Jacinto del Búa,01,,
55,Valle Hermoso,01,,
56,El Esfuerzo,01,,
57,Santa María del Toachi,01,,
99,Sin Especificar,01,,
50,La Concordia Cabecera Cantonal,02,,
51,Monterrey,02,,
52,La Villegas,02,,
53,Plan Piloto,02,,
99,Sin Especificar,02,,
01,Ballenita,01,,
02,Santa Elena,01,,
50,Santa Elena Cabecera Cantonal y Capital Provincial,01,,
51,Atahualpa,01,,
52,Colonche,01,,
53,Chanduy,01,,
54,Manglaralto,01,,
55,Simón Bolívar (Julio Moreno),01,,
56,San José de Ancón,01,,
99,Sin Especificar,01,,
50,La Libertad Cabecera Cantonal,02,,
99,Sin Especificar,02,,
01,Carlos Espinoza Larrea,03,,
02,Gral. Alberto Enríquez Gallo,03,,
03,Vicente Rocafuerte,03,,
04,Santa Rosa,03,,
50,Salinas Cabecera Cantonal,03,,
51,Anconcito,03,,
52,José Luis Tamayo (Muey),03,,
99,Sin Especificar,03,,
00,Exterior,00,,
51,Las Golondrina,01,,
99,Sin Especificar,01,,
51,Manga del Cura,03,,
99,Sin Especificar,03,,
51,El Piedrero,04,,
99,Sin Especificar,04,,
,,,,
